{"Final Precision ": 0.8939795918367346, "Final Recall": 0.8939393939393939, "Final F1 Score": 0.8939366885187359, "Final Accuracy": 0.8939393939393939, "_timestamp": 1701046729.4293523, "_runtime": 1685.4647963047028, "_step": 4, "_wandb": {"runtime": 1685}}