{"Final Precision ": 0.9162223133716161, "Final Recall": 0.9141414141414141, "Final F1 Score": 0.9140339675648066, "Final Accuracy": 0.9141414141414141, "_timestamp": 1701108678.4822133, "_runtime": 1305.5622961521149, "_step": 5, "Average precision ": 0.9066299514820146, "Average recall": 0.905050505050505, "Average f1": 0.9049587765012976, "Average accuracy:": 0.905050505050505, "_wandb": {"runtime": 1305}}