{"Final Precision ": 0.9050736497545008, "Final Recall": 0.9040404040404041, "Final F1 Score": 0.9039791725158887, "Final Accuracy": 0.9040404040404041, "_timestamp": 1701108445.1623406, "_runtime": 1072.2424235343933, "_step": 3}