{"Final Precision ": 0.8781955040802362, "Final Recall": 0.8787878787878788, "Final F1 Score": 0.8783955627705629, "Final Accuracy": 0.8787878787878788, "_timestamp": 1701211315.5588307, "_runtime": 4059.1744287014008, "_step": 10, "Average precision ": 0.9112832503959785, "Average recall": 0.9106060606060605, "Average f1": 0.9103599074672175, "Average accuracy:": 0.9106060606060605, "_wandb": {"runtime": 4056}}