{"Final Precision ": 0.869586926172292, "Final Recall": 0.8686868686868687, "Final F1 Score": 0.8690446311414053, "Final Accuracy": 0.8686868686868687, "_timestamp": 1701150255.260121, "_runtime": 3857.61425614357, "_step": 10, "Average precision ": 0.910139089176419, "Average recall": 0.909090909090909, "Average f1": 0.9089530028315851, "Average accuracy:": 0.909090909090909, "_wandb": {"runtime": 3852}}