{"Final Precision ": 0.9162227829174844, "Final Recall": 0.9141414141414141, "Final F1 Score": 0.9145857106210581, "Final Accuracy": 0.9141414141414141, "_timestamp": 1706237461.9184072, "_runtime": 3893.516936302185, "_step": 11, "Average precision ": 0.9109338766035112, "Std precision ": 0.019970314897828585, "Average recall": 0.9101010101010101, "Std recall ": 0.019403406780099542, "Average f1": 0.9100506550296963, "Std f1 ": 0.019447611534010485, "Average accuracy:": 0.9101010101010101, "Std accuracy:": 0.019403406780099542, "Best AUC Score": 0.9806034482758621, "_wandb": {"runtime": 3893}}