{"Final Precision ": 0.90424293055872, "Final Recall": 0.9040404040404041, "Final F1 Score": 0.904118189451453, "Final Accuracy": 0.9040404040404041, "_timestamp": 1701201994.4736972, "_runtime": 3902.9872901439667, "_step": 10, "Average precision ": 0.9089945982046228, "Average recall": 0.9080808080808082, "Average f1": 0.9078762048881371, "Average accuracy:": 0.9080808080808082, "_wandb": {"runtime": 3901}}