{"Final Precision ": 0.8787878787878788, "Final Recall": 0.8787878787878788, "Final F1 Score": 0.8787878787878788, "Final Accuracy": 0.8787878787878788, "_timestamp": 1701113451.9701443, "_runtime": 2327.649680376053, "_step": 10, "Average precision ": 0.9111505929975898, "Average recall": 0.9101010101010101, "Average f1": 0.9101526851096, "Average accuracy:": 0.9101010101010101, "_wandb": {"runtime": 2327}}