{"Final Precision ": 0.8787878787878788, "Final Recall": 0.8787878787878788, "Final F1 Score": 0.8787878787878788, "Final Accuracy": 0.8787878787878788, "_timestamp": 1701124062.9937432, "_runtime": 3824.736482143402, "_step": 10, "Average precision ": 0.9129190797147844, "Average recall": 0.9126262626262627, "Average f1": 0.9124907311006716, "Average accuracy:": 0.9126262626262627, "_wandb": {"runtime": 3824}}