{"Final Precision ": 0.9096904584618657, "Final Recall": 0.9090909090909091, "Final F1 Score": 0.9092948717948719, "Final Accuracy": 0.9090909090909091, "_timestamp": 1701156926.50321, "_runtime": 3786.696531057358, "_step": 10, "Average precision ": 0.9172852336136705, "Average recall": 0.9166666666666666, "Average f1": 0.9166492810358078, "Average accuracy:": 0.9166666666666666, "_wandb": {"runtime": 3786}}