{"Final Precision ": 0.8949468085106383, "Final Recall": 0.8939393939393939, "Final F1 Score": 0.8938717169912453, "Final Accuracy": 0.8939393939393939, "_timestamp": 1701110910.6886966, "_runtime": 2031.2599716186523, "_step": 5, "Average precision ": 0.901599357911006, "Average recall": 0.901010101010101, "Average f1": 0.9009734441447783, "Average accuracy:": 0.901010101010101, "_wandb": {"runtime": 2030}}