{"Final Precision ": 0.88842063756115, "Final Recall": 0.8888888888888888, "Final F1 Score": 0.8885582010582009, "Final Accuracy": 0.8888888888888888, "_timestamp": 1701128088.590894, "_runtime": 3549.488456964493, "_step": 10, "Average precision ": 0.9062282494836008, "Average recall": 0.9055555555555556, "Average f1": 0.9053271474905957, "Average accuracy:": 0.9055555555555556, "_wandb": {"runtime": 3549}}