{"Final Precision ": 0.883575678065626, "Final Recall": 0.8838383838383839, "Final F1 Score": 0.8834975898805687, "Final Accuracy": 0.8838383838383839, "_timestamp": 1701221000.712383, "_runtime": 4114.99458694458, "_step": 10, "Average precision ": 0.9073285333985248, "Average recall": 0.9065656565656566, "Average f1": 0.9064393618365918, "Average accuracy:": 0.9065656565656566, "_wandb": {"runtime": 4114}}